City_ID,City,Country,Lat,Lng,Max Temp,Humidity,Cloudiness,Wind Speed,Current Description,Date
0,Chulym,RU,55.0997,80.9572,-18.33,100,100,3.69,overcast clouds,2022-01-27 01:47:23
1,Sorong,ID,-0.8833,131.25,84.52,71,97,7.87,overcast clouds,2022-01-27 01:42:50
2,Busselton,AU,-33.65,115.3333,73.04,42,0,9.71,clear sky,2022-01-27 01:47:24
3,Ballina,AU,-28.8667,153.5667,80.78,68,75,10.36,broken clouds,2022-01-27 01:47:24
4,Corrales,US,35.2378,-106.6067,39.88,60,1,1.99,clear sky,2022-01-27 01:47:25
5,Kruisfontein,ZA,-34.0033,24.7314,64.89,95,83,1.95,broken clouds,2022-01-27 01:47:25
6,Bluff,NZ,-46.6,168.3333,58.8,58,48,12.17,scattered clouds,2022-01-27 01:47:25
7,Porto Novo,BJ,6.4965,2.6036,76.82,85,0,2.15,clear sky,2022-01-27 01:47:26
8,Avera,US,33.194,-82.5271,46.71,72,33,8.81,scattered clouds,2022-01-27 01:47:26
9,Ponta Delgada,PT,37.7333,-25.6667,58.5,72,20,11.5,few clouds,2022-01-27 01:47:27
10,Ati,TD,13.2154,18.3353,64.11,22,4,16.33,clear sky,2022-01-27 01:47:27
11,Ulaanbaatar,MN,47.9077,106.8832,-21.87,69,4,0.0,clear sky,2022-01-27 01:47:09
12,Victoria,HK,22.2855,114.1577,69.39,86,59,1.99,broken clouds,2022-01-27 01:43:08
13,Pekan,MY,3.4836,103.3996,77.11,71,100,9.15,overcast clouds,2022-01-27 01:47:28
14,Miri,MY,4.4148,114.0089,77.14,94,40,0.0,scattered clouds,2022-01-27 01:47:28
15,Katangli,RU,51.7102,143.2326,1.27,85,15,4.94,few clouds,2022-01-27 01:47:29
16,Cape Town,ZA,-33.9258,18.4232,67.12,78,0,1.99,clear sky,2022-01-27 01:43:09
17,Upernavik,GL,72.7868,-56.1549,5.11,85,100,11.54,overcast clouds,2022-01-27 01:47:29
18,Rosarito,MX,32.3333,-117.0333,60.93,60,2,2.42,clear sky,2022-01-27 01:47:30
19,Atbasar,KZ,51.8,68.3333,-11.45,100,100,3.06,overcast clouds,2022-01-27 01:43:23
20,Hobart,AU,-42.8794,147.3294,73.26,56,75,16.11,broken clouds,2022-01-27 01:45:53
21,Tortoli,IT,39.9256,9.6572,44.42,81,0,4.61,clear sky,2022-01-27 01:47:31
22,Saskylakh,RU,71.9167,114.0833,-12.86,94,54,4.54,broken clouds,2022-01-27 01:44:33
23,Dikson,RU,73.5069,80.5464,12.13,93,100,27.92,light snow,2022-01-27 01:47:31
24,Buala,SB,-8.145,159.5921,82.67,74,100,5.53,light rain,2022-01-27 01:47:32
25,Ostrovnoy,RU,68.0531,39.5131,10.31,98,74,19.53,broken clouds,2022-01-27 01:47:32
26,Te Anau,NZ,-45.4167,167.7167,62.13,38,25,3.87,scattered clouds,2022-01-27 01:44:05
27,Mar Del Plata,AR,-38.0023,-57.5575,64.09,69,40,1.99,scattered clouds,2022-01-27 01:47:32
28,Barrow,US,71.2906,-156.7887,-12.98,77,0,14.97,clear sky,2022-01-27 01:46:49
29,Hami,CN,42.8,93.45,22.21,44,9,2.17,clear sky,2022-01-27 01:47:03
30,Berlevag,NO,70.8578,29.0864,24.35,78,100,13.44,overcast clouds,2022-01-27 01:47:33
31,Avarua,CK,-21.2078,-159.775,82.45,83,75,13.8,broken clouds,2022-01-27 01:47:34
32,Malanje,AO,-9.5402,16.341,61.97,99,100,3.18,overcast clouds,2022-01-27 01:47:34
33,Port-Cartier,CA,50.0334,-66.8654,-9.18,97,39,7.05,scattered clouds,2022-01-27 01:47:34
34,Kaihua,CN,23.3687,104.28,57.58,84,99,8.9,overcast clouds,2022-01-27 01:47:35
35,Inhambane,MZ,-23.865,35.3833,77.25,87,78,8.81,broken clouds,2022-01-27 01:44:09
36,Zhanaozen,KZ,43.3,52.8,32.22,63,97,13.58,overcast clouds,2022-01-27 01:47:35
37,Norman Wells,CA,65.282,-126.8329,8.64,85,75,2.3,broken clouds,2022-01-27 01:44:34
38,Louisville,US,38.2542,-85.7594,21.96,53,0,0.0,clear sky,2022-01-27 01:45:02
39,Puerto Ayora,EC,-0.7393,-90.3518,73.36,90,100,6.46,overcast clouds,2022-01-27 01:47:36
40,Khatanga,RU,71.9667,102.5,1.62,88,100,14.29,overcast clouds,2022-01-27 01:47:37
41,Bredasdorp,ZA,-34.5322,20.0403,63.28,88,20,3.44,few clouds,2022-01-27 01:47:37
42,Ushuaia,AR,-54.8,-68.3,49.66,76,40,27.63,scattered clouds,2022-01-27 01:47:37
43,Jamestown,US,42.097,-79.2353,15.12,78,0,5.75,clear sky,2022-01-27 01:46:23
44,Carnarvon,AU,-24.8667,113.6333,78.87,69,75,12.66,broken clouds,2022-01-27 01:47:38
45,East London,ZA,-33.0153,27.9116,72.61,92,28,2.73,scattered clouds,2022-01-27 01:48:38
46,Zverinogolovskoye,RU,54.4586,64.8542,8.49,91,100,11.72,overcast clouds,2022-01-27 01:48:39
47,Chimoio,MZ,-19.1164,33.4833,69.66,100,75,2.82,light rain,2022-01-27 01:48:39
48,Salalah,OM,17.0151,54.0924,66.29,72,0,3.44,clear sky,2022-01-27 01:48:40
49,Provideniya,RU,64.3833,-173.3,-2.09,71,75,6.71,broken clouds,2022-01-27 01:48:40
50,Omsukchan,RU,62.5333,155.8,-26.01,98,90,4.79,overcast clouds,2022-01-27 01:48:41
51,Thunder Bay,CA,48.4001,-89.3168,19.56,74,100,14.97,overcast clouds,2022-01-27 01:48:41
52,Port Alfred,ZA,-33.5906,26.891,72.48,92,92,2.59,overcast clouds,2022-01-27 01:46:25
53,Kaitangata,NZ,-46.2817,169.8464,57.92,55,27,14.25,scattered clouds,2022-01-27 01:48:42
54,Oktyabrskiy,RU,54.4815,53.471,13.89,93,100,10.09,overcast clouds,2022-01-27 01:48:42
55,Sawtell,AU,-30.3833,153.1,79.12,74,100,6.91,overcast clouds,2022-01-27 01:48:42
56,Geraldton,AU,-28.7667,114.6,81.01,47,0,19.57,clear sky,2022-01-27 01:48:43
57,Punta Arenas,CL,-53.15,-70.9167,50.11,76,40,28.77,scattered clouds,2022-01-27 01:41:43
58,Codrington,AU,-38.2667,141.9667,91.87,42,26,9.8,scattered clouds,2022-01-27 01:48:43
59,Longyearbyen,SJ,78.2186,15.6401,10.24,61,75,12.66,broken clouds,2022-01-27 01:48:44
60,Hirtshals,DK,57.5881,9.9592,43.86,94,100,28.95,overcast clouds,2022-01-27 01:48:44
61,Aksarka,RU,66.5606,67.7975,7.25,93,100,8.72,overcast clouds,2022-01-27 01:48:45
62,Nanakuli,US,21.3906,-158.1547,80.55,53,0,11.5,clear sky,2022-01-27 01:48:45
63,Kutum,SD,14.2,24.6667,50.14,30,100,14.9,overcast clouds,2022-01-27 01:48:45
64,Kodiak,US,57.79,-152.4072,35.11,87,100,12.66,mist,2022-01-27 01:46:23
65,Doha,QA,25.2867,51.5333,64.29,94,0,4.61,clear sky,2022-01-27 01:45:54
66,Boyolangu,ID,-8.1181,111.8935,82.85,73,90,1.83,overcast clouds,2022-01-27 01:48:46
67,Talaya,RU,61.3833,152.75,-31.23,99,100,2.71,overcast clouds,2022-01-27 01:48:46
68,Hongjiang,CN,27.11,109.9956,38.53,95,100,4.65,overcast clouds,2022-01-27 01:48:47
69,Dalvik,IS,65.9702,-18.5286,31.93,79,100,8.14,overcast clouds,2022-01-27 01:48:47
70,Henties Bay,NA,-22.116,14.2845,66.85,88,100,7.0,overcast clouds,2022-01-27 01:44:07
71,Ponta Do Sol,PT,32.6667,-17.1,60.71,74,51,5.61,broken clouds,2022-01-27 01:48:48
72,Hay River,CA,60.8156,-115.7999,12.18,79,75,4.61,light snow,2022-01-27 01:45:45
73,Torbay,CA,47.6666,-52.7314,31.75,95,100,13.8,light snow,2022-01-27 01:45:52
74,Cidreira,BR,-30.1811,-50.2056,74.23,95,100,4.88,overcast clouds,2022-01-27 01:48:48
75,Vestmanna,FO,62.1564,-7.1664,34.72,80,75,23.02,broken clouds,2022-01-27 01:48:49
76,Albany,US,42.6001,-73.9662,12.4,61,3,1.99,clear sky,2022-01-27 01:45:06
77,Yellowknife,CA,62.456,-114.3525,4.41,89,100,4.61,light snow,2022-01-27 01:45:30
78,Tifton,US,31.4505,-83.5085,53.01,65,0,3.44,clear sky,2022-01-27 01:48:50
79,Nouadhibou,MR,20.931,-17.0347,62.58,82,0,18.41,clear sky,2022-01-27 01:48:50
80,Batticaloa,LK,7.7102,81.6924,75.52,72,79,4.21,broken clouds,2022-01-27 01:48:50
81,Sistranda,NO,63.7256,8.834,37.9,97,100,9.6,overcast clouds,2022-01-27 01:48:51
82,Rikitea,PF,-23.1203,-134.9692,78.67,77,2,17.36,clear sky,2022-01-27 01:46:18
83,Ribeira Grande,PT,38.5167,-28.7,59.72,79,21,13.31,few clouds,2022-01-27 01:44:27
84,Nuuk,GL,64.1835,-51.7216,18.21,73,100,9.22,light snow,2022-01-27 01:48:51
85,Butaritari,KI,3.0707,172.7902,82.09,78,16,13.51,light rain,2022-01-27 01:46:14
86,Vila Velha,BR,-20.3297,-40.2925,75.94,82,0,4.0,clear sky,2022-01-27 01:48:52
87,Olinda,BR,-8.0089,-34.8553,82.13,74,40,11.5,scattered clouds,2022-01-27 01:48:52
88,Kapaa,US,22.0752,-159.319,80.58,70,75,1.01,broken clouds,2022-01-27 01:48:53
89,Chuy,UY,-33.6971,-53.4616,71.69,87,100,16.98,overcast clouds,2022-01-27 01:48:53
90,Santa Maria,BR,-29.6842,-53.8069,74.5,100,40,0.0,scattered clouds,2022-01-27 01:48:54
91,Kosh-Agach,RU,50.0,88.6667,-13.07,75,100,1.86,overcast clouds,2022-01-27 01:48:54
92,Pacific Grove,US,36.6177,-121.9166,60.91,82,0,1.01,clear sky,2022-01-27 01:48:55
93,Talnakh,RU,69.4865,88.3972,2.21,96,100,14.92,light snow,2022-01-27 01:48:55
94,Mackay,AU,-21.15,149.2,80.69,94,100,19.57,light intensity shower rain,2022-01-27 01:48:55
95,Broken Hill,AU,-31.95,141.4333,92.91,31,2,8.05,clear sky,2022-01-27 01:49:56
96,De Aar,ZA,-30.6497,24.0123,74.35,40,0,4.14,clear sky,2022-01-27 01:49:56
97,Mazamari,PE,-11.3258,-74.5308,69.49,95,100,1.48,overcast clouds,2022-01-27 01:49:56
98,Severouralsk,RU,60.1533,59.952,6.84,94,100,1.34,overcast clouds,2022-01-27 01:49:57
99,Macas,EC,-2.3167,-78.1167,68.43,98,88,1.61,light rain,2022-01-27 01:49:57
100,Uyuni,BO,-20.4597,-66.825,52.07,73,100,15.52,overcast clouds,2022-01-27 01:49:58
101,Lindi,TZ,-10.0,39.7167,74.14,93,88,0.96,light rain,2022-01-27 01:49:58
102,Nioro,GM,13.35,-15.75,74.17,12,36,3.62,scattered clouds,2022-01-27 01:49:58
103,Lebu,CL,-37.6167,-73.65,57.97,90,1,8.77,clear sky,2022-01-27 01:46:27
104,Tuatapere,NZ,-46.1333,167.6833,58.82,49,19,8.9,few clouds,2022-01-27 01:49:59
105,Barntrup,DE,51.9904,9.1164,37.69,96,100,16.98,overcast clouds,2022-01-27 01:50:00
106,Cockburn Town,TC,21.4612,-71.1419,77.68,73,1,13.42,clear sky,2022-01-27 01:50:00
107,Currais Novos,BR,-6.2608,-36.5178,75.0,80,100,15.99,overcast clouds,2022-01-27 01:50:01
108,Qaanaaq,GL,77.484,-69.3632,-8.79,60,69,8.72,broken clouds,2022-01-27 01:50:01
109,Mayor Pablo Lagerenza,PY,-19.9309,-60.7718,86.97,48,6,9.51,clear sky,2022-01-27 01:50:02
110,Atuona,PF,-9.8,-139.0333,78.76,80,17,18.92,light rain,2022-01-27 01:50:02
111,Yerbogachen,RU,61.2767,108.0108,-18.8,100,100,3.98,overcast clouds,2022-01-27 01:50:03
112,Hilo,US,19.7297,-155.09,78.53,69,40,9.22,scattered clouds,2022-01-27 01:48:16
113,Pevek,RU,69.7008,170.3133,-32.28,98,32,2.35,scattered clouds,2022-01-27 01:46:22
114,Saint George,US,37.1041,-113.5841,48.79,29,0,1.01,clear sky,2022-01-27 01:49:50
115,Lorengau,PG,-2.0226,147.2712,83.98,75,100,6.87,overcast clouds,2022-01-27 01:50:04
116,Aksu,CN,41.1231,80.2644,20.32,64,0,1.21,clear sky,2022-01-27 01:50:04
117,Kotra,IN,25.8167,79.3167,46.53,82,0,5.39,clear sky,2022-01-27 01:50:05
118,Port Lincoln,AU,-34.7333,135.8667,76.33,68,9,5.82,clear sky,2022-01-27 01:50:05
119,Tuktoyaktuk,CA,69.4541,-133.0374,-7.6,77,20,14.97,few clouds,2022-01-27 01:50:06
120,Georgetown,MY,5.4112,100.3354,82.33,92,20,3.0,few clouds,2022-01-27 01:45:38
121,Halstenbek,DE,53.6333,9.85,43.18,94,100,16.11,light intensity drizzle,2022-01-27 01:50:06
122,Bandarbeyla,SO,9.4942,50.8122,71.64,72,84,13.15,broken clouds,2022-01-27 01:50:07
123,Ketchikan,US,55.3422,-131.6461,39.18,93,40,6.91,scattered clouds,2022-01-27 01:50:07
124,Krasnoshchekovo,RU,51.6708,82.7289,11.82,92,100,8.77,overcast clouds,2022-01-27 01:50:07
125,Gat,IL,31.61,34.7642,48.07,100,86,26.55,overcast clouds,2022-01-27 01:50:08
126,Ashland,US,40.8167,-82.2665,6.94,84,13,4.9,few clouds,2022-01-27 01:50:08
127,Amapa,BR,1.0,-52.0,70.56,99,55,1.59,broken clouds,2022-01-27 01:50:09
128,Kavaratti,IN,10.5669,72.642,77.31,64,88,8.68,overcast clouds,2022-01-27 01:50:09
129,Sterling,US,39.0062,-77.4286,26.92,56,0,8.01,clear sky,2022-01-27 01:50:10
130,Yuksekova,TR,37.5736,44.2872,16.43,97,99,1.21,light snow,2022-01-27 01:50:10
131,Port Hedland,AU,-20.3167,118.5667,89.65,62,40,9.22,scattered clouds,2022-01-27 01:50:10
132,Airai,TL,-8.9266,125.4092,72.48,64,89,5.61,overcast clouds,2022-01-27 01:47:06
133,Azul,AR,-36.777,-59.8585,60.35,66,0,12.21,clear sky,2022-01-27 01:50:11
134,Guerrero Negro,MX,27.9769,-114.0611,63.66,51,100,7.67,overcast clouds,2022-01-27 01:48:42
135,Emerald,AU,-23.5333,148.1667,89.74,48,75,13.8,broken clouds,2022-01-27 01:47:25
136,Port Hardy,CA,50.6996,-127.4199,41.76,93,75,4.61,broken clouds,2022-01-27 01:45:48
137,Padang,ID,-0.9492,100.3543,80.65,71,100,2.21,overcast clouds,2022-01-27 01:50:12
138,Tiksi,RU,71.6872,128.8694,0.54,88,73,17.2,broken clouds,2022-01-27 01:50:12
139,Andenes,NO,69.3143,16.1194,29.07,86,100,6.91,overcast clouds,2022-01-27 01:51:13
140,Wilhelmsburg,AT,48.1057,15.6054,36.07,94,100,10.65,overcast clouds,2022-01-27 01:51:13
141,Kununurra,AU,-15.7667,128.7333,87.78,66,40,11.5,scattered clouds,2022-01-27 01:51:14
142,New Norfolk,AU,-42.7826,147.0587,72.9,93,100,2.3,overcast clouds,2022-01-27 01:51:14
143,Mahebourg,MU,-20.4081,57.7,71.26,88,40,4.61,scattered clouds,2022-01-27 01:51:14
144,Tabuk,PH,17.4189,121.4443,74.68,92,100,3.42,overcast clouds,2022-01-27 01:51:15
145,Fortuna,US,40.5982,-124.1573,48.18,91,100,1.01,overcast clouds,2022-01-27 01:51:15
146,Ginir,ET,7.1333,40.7,52.11,32,0,4.61,clear sky,2022-01-27 01:51:16
147,Hosakote,IN,14.2769,77.1699,67.44,79,58,8.25,broken clouds,2022-01-27 01:51:16
148,Basco,PH,20.4487,121.9702,75.24,82,100,22.48,overcast clouds,2022-01-27 01:51:17
149,Thompson,CA,55.7435,-97.8558,-3.84,71,40,16.11,scattered clouds,2022-01-27 01:51:17
150,Pidhorodna,UA,48.107,30.8895,22.62,87,100,0.27,overcast clouds,2022-01-27 01:51:18
151,Arraial Do Cabo,BR,-22.9661,-42.0278,75.54,86,5,25.7,clear sky,2022-01-27 01:51:18
152,Grand Gaube,MU,-20.0064,57.6608,71.38,72,19,3.0,few clouds,2022-01-27 01:51:19
153,Bethel,US,41.3712,-73.414,21.56,56,0,5.75,clear sky,2022-01-27 01:46:51
154,Aykhal,RU,66.0,111.5,-9.2,83,81,7.4,broken clouds,2022-01-27 01:51:19
155,San Patricio,US,28.017,-97.5169,57.29,75,77,9.73,broken clouds,2022-01-27 01:51:20
156,Grindavik,IS,63.8424,-22.4338,28.35,93,0,6.91,clear sky,2022-01-27 01:51:20
157,Hermanus,ZA,-34.4187,19.2345,66.9,87,10,8.84,clear sky,2022-01-27 01:43:13
158,Cuamba,MZ,-14.8031,36.5372,69.31,99,100,4.85,overcast clouds,2022-01-27 01:51:20
159,Half Moon Bay,US,37.4636,-122.4286,59.86,70,0,0.0,clear sky,2022-01-27 01:47:23
160,Ucluelet,CA,48.9329,-125.5528,41.31,88,37,1.92,scattered clouds,2022-01-27 01:51:21
161,Nagato,JP,34.3833,131.2,51.21,56,88,4.68,overcast clouds,2022-01-27 01:51:21
162,Maltahohe,NA,-24.8333,16.9833,80.89,27,95,5.35,overcast clouds,2022-01-27 01:51:22
163,Port Elizabeth,ZA,-33.918,25.5701,67.1,94,100,6.91,light rain,2022-01-27 01:48:57
164,Saldanha,ZA,-33.0117,17.9442,59.05,92,0,11.5,clear sky,2022-01-27 01:51:22
165,Rorvik,NO,64.8621,11.2373,40.39,79,100,9.01,light rain,2022-01-27 01:51:23
166,Kushima,JP,31.4583,131.2333,51.84,62,100,3.85,overcast clouds,2022-01-27 01:51:23
167,Namyslow,PL,51.0759,17.7228,35.19,89,100,13.78,overcast clouds,2022-01-27 01:51:24
168,Chiungutwa,TZ,-10.8833,38.9833,69.4,97,97,2.55,overcast clouds,2022-01-27 01:51:24
169,Faanui,PF,-16.4833,-151.75,81.09,77,23,17.76,light rain,2022-01-27 01:51:25
170,Honiara,SB,-9.4333,159.95,80.87,80,100,6.78,overcast clouds,2022-01-27 01:51:25
171,Alyangula,AU,-13.8483,136.4192,89.47,62,100,11.5,overcast clouds,2022-01-27 01:51:25
172,Quatre Cocos,MU,-20.2078,57.7625,71.1,76,11,9.42,light rain,2022-01-27 01:51:26
173,Lieksa,FI,63.3167,30.0167,22.89,94,100,12.97,light snow,2022-01-27 01:51:26
174,Sangar,RU,63.9242,127.4739,-20.11,91,100,3.83,overcast clouds,2022-01-27 01:51:26
175,Cherskiy,RU,68.75,161.3,-41.8,98,41,4.41,scattered clouds,2022-01-27 01:51:27
176,Stornoway,GB,58.2093,-6.3865,42.93,83,75,4.0,broken clouds,2022-01-27 01:51:27
177,Tasiilaq,GL,65.6145,-37.6368,14.13,81,100,6.69,light snow,2022-01-27 01:51:28
178,Bambous Virieux,MU,-20.3428,57.7575,71.22,88,40,4.61,light rain,2022-01-27 01:51:28
179,Kahului,US,20.8947,-156.47,82.42,65,20,16.11,few clouds,2022-01-27 01:51:29
180,Gasa,PS,31.5,34.4667,49.17,61,100,33.31,overcast clouds,2022-01-27 01:51:29
181,Kaka,TM,37.3482,59.6143,42.94,40,24,5.77,few clouds,2022-01-27 01:51:29
182,Lompoc,US,34.6391,-120.4579,61.02,75,0,9.22,clear sky,2022-01-27 01:43:51
183,Mbour,SN,14.422,-16.9638,70.65,60,99,19.13,overcast clouds,2022-01-27 01:52:30
184,Bar Harbor,US,44.3876,-68.2039,10.9,61,0,8.99,clear sky,2022-01-27 01:52:30
185,Dryden,CA,49.7833,-92.7503,19.69,86,100,14.97,overcast clouds,2022-01-27 01:52:31
186,Pali,IN,25.7667,73.3333,50.59,44,0,5.99,clear sky,2022-01-27 01:52:31
187,Meulaboh,ID,4.1363,96.1285,80.02,75,36,3.24,scattered clouds,2022-01-27 01:52:32
188,Vaini,TO,-21.2,-175.2,87.96,74,20,8.05,few clouds,2022-01-27 01:46:20
189,Kilrush,IE,52.6397,-9.4833,51.89,99,100,14.79,overcast clouds,2022-01-27 01:52:32
190,Verkhoturye,RU,58.8627,60.8054,8.65,95,100,5.1,overcast clouds,2022-01-27 01:52:32
191,Desnogorsk,RU,54.1508,33.2815,5.88,99,100,3.67,light snow,2022-01-27 01:52:33
192,Kamenka,RU,51.3223,42.7678,1.65,100,100,4.23,overcast clouds,2022-01-27 01:52:33
193,Bayir,TR,37.2687,28.2167,28.92,72,2,6.46,clear sky,2022-01-27 01:52:34
194,Sibu,MY,2.3,111.8167,77.31,94,20,3.0,few clouds,2022-01-27 01:52:34
195,Piacabucu,BR,-10.4056,-36.4344,78.24,81,14,9.04,few clouds,2022-01-27 01:52:35
196,Bengkulu,ID,-3.8004,102.2655,80.35,77,100,2.1,overcast clouds,2022-01-27 01:49:33
197,Muros,ES,42.7762,-9.0603,50.23,85,0,7.85,clear sky,2022-01-27 01:52:35
198,Mounana,GA,-1.4085,13.1586,70.14,90,70,2.37,broken clouds,2022-01-27 01:52:35
199,America Dourada,BR,-11.4553,-41.4361,67.19,92,81,6.42,broken clouds,2022-01-27 01:52:36
200,Genc,TR,38.7507,40.5603,30.87,97,100,4.12,light snow,2022-01-27 01:52:36
201,Chokurdakh,RU,70.6333,147.9167,-27.53,96,35,12.53,scattered clouds,2022-01-27 01:46:25
202,Manggar,ID,-2.8833,108.2667,83.73,65,100,9.31,overcast clouds,2022-01-27 01:52:37
203,Sao Jose Da Coroa Grande,BR,-8.8978,-35.1478,77.58,83,7,8.75,clear sky,2022-01-27 01:52:37
204,Vilhena,BR,-12.7406,-60.1458,69.94,97,100,3.83,moderate rain,2022-01-27 01:52:37
205,Umm Lajj,SA,25.0213,37.2685,62.94,54,35,21.68,scattered clouds,2022-01-27 01:52:38
206,Igrim,RU,63.1906,64.4162,-3.39,99,100,4.79,overcast clouds,2022-01-27 01:52:38
207,Atikokan,CA,48.7555,-91.6216,19.54,94,100,12.41,light snow,2022-01-27 01:48:56
208,Saint Anthony,US,45.0205,-93.218,26.92,73,20,7.0,few clouds,2022-01-27 01:52:39
209,Aginskoye,RU,51.1,114.53,-3.8,93,40,4.5,scattered clouds,2022-01-27 01:52:39
210,Matara,LK,5.9485,80.5353,73.26,84,100,4.25,overcast clouds,2022-01-27 01:52:40
211,Saint-Philippe,RE,-21.3585,55.7679,71.19,67,32,7.83,scattered clouds,2022-01-27 01:52:40
212,North Bend,US,43.4065,-124.2243,47.86,98,40,5.75,scattered clouds,2022-01-27 01:52:40
213,Nurota,UZ,40.5614,65.6886,32.09,37,0,5.99,clear sky,2022-01-27 01:52:41
214,Kigali,RW,-1.95,30.0588,67.48,72,20,4.0,few clouds,2022-01-27 01:52:41
215,Lagoa,PT,39.05,-27.9833,58.66,81,16,12.35,few clouds,2022-01-27 01:48:15
216,Polovinnoye,RU,54.7914,65.9864,6.73,87,100,11.14,overcast clouds,2022-01-27 01:52:42
217,Okha,RU,53.5739,142.9478,-5.8,94,33,11.45,scattered clouds,2022-01-27 01:52:42
218,Ilulissat,GL,69.2167,-51.1,6.39,73,100,9.57,overcast clouds,2022-01-27 01:50:51
219,Alofi,NU,-19.0595,-169.9187,80.49,89,75,103.57,broken clouds,2022-01-27 01:52:43
220,Voh,NC,-20.9667,164.7,85.91,61,54,9.42,broken clouds,2022-01-27 01:52:43
221,Jumla,NP,29.2747,82.1838,24.58,61,4,4.54,clear sky,2022-01-27 01:52:44
222,Inverell,AU,-29.7833,151.1167,81.66,65,82,5.99,broken clouds,2022-01-27 01:52:44
223,Deputatskiy,RU,69.3,139.9,-10.77,96,100,5.23,overcast clouds,2022-01-27 01:52:45
224,Mount Isa,AU,-20.7333,139.5,82.17,83,75,12.66,broken clouds,2022-01-27 01:52:45
225,Srikakulam,IN,18.3,83.9,67.62,66,0,6.58,clear sky,2022-01-27 01:52:45
226,Tutoia,BR,-2.7619,-42.2744,80.58,89,100,10.09,overcast clouds,2022-01-27 01:52:46
227,Roebourne,AU,-20.7833,117.1333,91.17,37,1,13.51,clear sky,2022-01-27 01:50:50
228,Hambantota,LK,6.1241,81.1185,70.14,100,20,2.3,few clouds,2022-01-27 01:52:46
229,Nerchinskiy Zavod,RU,51.3088,119.61,-13.27,98,99,1.3,overcast clouds,2022-01-27 01:52:47
230,Liverpool,GB,53.4106,-2.9779,50.77,91,100,5.01,overcast clouds,2022-01-27 01:53:47
231,Tura,IN,25.5198,90.2201,57.85,82,75,2.15,broken clouds,2022-01-27 01:53:47
232,Mataura,NZ,-46.1927,168.8643,57.47,38,47,6.93,scattered clouds,2022-01-27 01:53:48
233,Nikolskoye,RU,59.7035,30.7861,25.88,92,100,10.71,snow,2022-01-27 01:53:48
234,Sungairaya,ID,0.7,108.9,83.08,68,69,7.25,broken clouds,2022-01-27 01:53:49
235,Risti,EE,58.9975,24.058,34.59,92,100,6.62,overcast clouds,2022-01-27 01:53:49
236,Iranshahr,IR,27.2025,60.6848,54.73,30,0,1.36,clear sky,2022-01-27 01:53:50
237,Katsuura,JP,35.1333,140.3,52.2,59,100,13.35,overcast clouds,2022-01-27 01:46:27
238,Hays,US,30.0502,-98.0336,50.92,73,0,1.99,clear sky,2022-01-27 01:50:12
239,Miyako,JP,39.6367,141.9525,39.49,44,5,10.69,clear sky,2022-01-27 01:53:51
240,Hasaki,JP,35.7333,140.8333,50.29,58,89,11.16,overcast clouds,2022-01-27 01:53:51
241,Mahabad,IR,36.7631,45.7222,26.64,97,90,3.0,light snow,2022-01-27 01:53:51
242,Bayan,CN,46.0833,127.4,3.54,93,100,5.64,overcast clouds,2022-01-27 01:53:52
243,Grand-Santi,GF,4.25,-54.3833,71.02,99,83,2.35,broken clouds,2022-01-27 01:53:52
244,Sao Filipe,CV,14.8961,-24.4956,74.62,70,100,14.61,overcast clouds,2022-01-27 01:53:53
245,Roma,US,43.2128,-75.4557,4.87,79,7,1.01,clear sky,2022-01-27 01:53:53
246,Castro,BR,-24.7911,-50.0119,66.92,90,100,2.08,overcast clouds,2022-01-27 01:46:28
247,Boa Vista,BR,2.8197,-60.6733,82.38,57,0,6.91,clear sky,2022-01-27 01:53:54
248,Auriflama,BR,-20.6856,-50.5547,73.72,73,62,4.88,broken clouds,2022-01-27 01:53:54
249,Sao Geraldo Do Araguaia,BR,-6.4006,-48.555,73.06,95,85,1.74,overcast clouds,2022-01-27 01:53:54
250,Cap-Aux-Meules,CA,47.3821,-61.8597,15.85,79,100,20.71,overcast clouds,2022-01-27 01:53:55
251,Constitucion,CL,-35.3333,-72.4167,57.58,95,8,5.88,clear sky,2022-01-27 01:53:55
252,Kanpur,IN,26.4667,80.35,44.47,83,0,6.38,clear sky,2022-01-27 01:53:56
253,Ahipara,NZ,-35.1667,173.1667,72.34,55,1,16.15,clear sky,2022-01-27 01:53:56
254,Belyy Yar,RU,53.6039,91.3903,-2.31,84,100,2.24,mist,2022-01-27 01:53:57
255,Atambua,ID,-9.1061,124.8925,79.38,78,80,8.28,broken clouds,2022-01-27 01:53:57
256,Souillac,MU,-20.5167,57.5167,71.37,88,40,4.61,light rain,2022-01-27 01:53:57
257,Aklavik,CA,68.2191,-135.0107,-1.37,98,100,3.8,overcast clouds,2022-01-27 01:46:29
258,Pasighat,IN,28.0667,95.3333,57.29,79,93,3.04,overcast clouds,2022-01-27 01:53:58
259,Dzerzhinsk,RU,56.2389,43.4631,10.22,92,75,4.47,broken clouds,2022-01-27 01:53:58
260,Port-Gentil,GA,-0.7193,8.7815,80.11,80,100,12.15,overcast clouds,2022-01-27 01:53:59
261,Solnechnyy,RU,50.7214,136.6319,3.04,91,100,3.06,overcast clouds,2022-01-27 01:53:59
262,Udachnyy,RU,66.4167,112.4,-14.87,90,53,5.68,broken clouds,2022-01-27 01:54:00
263,Moussoro,TD,13.6408,16.4901,61.29,21,5,20.07,clear sky,2022-01-27 01:54:00
264,Aitape,PG,-3.1374,142.3475,83.57,76,85,1.72,overcast clouds,2022-01-27 01:54:00
265,Iracoubo,GF,5.4802,-53.2011,75.34,87,35,7.07,scattered clouds,2022-01-27 01:54:01
266,Zambezi,ZM,-13.5432,23.1047,64.18,96,100,4.7,overcast clouds,2022-01-27 01:54:01
267,Dali,CN,25.7,100.1833,45.1,78,93,3.4,overcast clouds,2022-01-27 01:53:19
268,Bubaque,GW,11.2833,-15.8333,78.82,62,77,5.82,broken clouds,2022-01-27 01:54:02
269,Sorland,NO,67.667,12.6934,38.39,75,88,8.84,overcast clouds,2022-01-27 01:54:02
270,Novonikolsk,RU,43.8506,131.8645,17.38,77,58,3.91,broken clouds,2022-01-27 01:54:03
271,Praia Da Vitoria,PT,38.7333,-27.0667,57.76,88,75,11.07,broken clouds,2022-01-27 01:54:03
272,Margate,GB,51.3813,1.3862,43.88,82,96,5.99,overcast clouds,2022-01-27 01:46:14
273,Vostok,RU,46.4856,135.8833,6.15,84,100,3.8,overcast clouds,2022-01-27 01:55:04
274,Haines Junction,CA,60.7522,-137.5108,17.55,86,100,0.0,overcast clouds,2022-01-27 01:55:04
275,Nome,US,64.5011,-165.4064,-16.89,78,1,3.42,clear sky,2022-01-27 01:55:05
276,Tsurugi,JP,36.45,136.6333,43.18,64,98,5.82,overcast clouds,2022-01-27 01:55:05
277,Vila Franca Do Campo,PT,37.7167,-25.4333,58.19,79,16,9.8,few clouds,2022-01-27 01:55:05
278,Luderitz,NA,-26.6481,15.1594,68.13,71,3,19.57,clear sky,2022-01-27 01:55:06
279,Christchurch,NZ,-43.5333,172.6333,64.94,57,75,8.99,broken clouds,2022-01-27 01:55:05
280,Moree,AU,-29.4667,149.85,71.62,88,75,13.8,broken clouds,2022-01-27 01:55:06
281,College,US,64.8569,-147.8028,-2.22,77,40,0.0,scattered clouds,2022-01-27 01:50:12
282,Sisimiut,GL,66.9395,-53.6735,11.14,78,100,18.14,overcast clouds,2022-01-27 01:55:07
283,Narsaq,GL,60.9167,-46.05,9.68,67,99,17.92,overcast clouds,2022-01-27 01:55:07
284,Eureka,US,40.8021,-124.1637,47.25,84,0,2.91,clear sky,2022-01-27 01:55:08
285,Kerouane,GN,9.2667,-9.0167,69.08,23,2,1.48,clear sky,2022-01-27 01:55:08
286,Innisfail,AU,-17.5333,146.0333,79.41,87,100,1.66,overcast clouds,2022-01-27 01:55:09
287,Kourou,GF,5.1552,-52.6478,73.45,92,16,5.39,few clouds,2022-01-27 01:55:09
288,Chernyshevskiy,RU,63.0128,112.4714,-18.94,99,98,2.98,overcast clouds,2022-01-27 01:52:08
289,Storm Lake,US,42.6411,-95.2097,33.49,64,0,19.57,clear sky,2022-01-27 01:52:53
290,Abha,SA,18.2164,42.5053,53.85,82,0,11.5,clear sky,2022-01-27 01:55:10
291,Bodden Town,KY,19.2833,-81.25,79.0,81,20,3.0,few clouds,2022-01-27 01:55:10
292,Totness,SR,5.8833,-56.3167,75.52,78,21,7.29,few clouds,2022-01-27 01:55:11
293,Esperance,AU,-33.8667,121.9,71.44,79,100,9.26,overcast clouds,2022-01-27 01:55:11
294,Ribeira Brava,PT,32.65,-17.0667,60.71,75,48,5.61,scattered clouds,2022-01-27 01:55:11
295,Kondinskoye,RU,59.6481,67.41,8.78,87,100,10.2,overcast clouds,2022-01-27 01:55:12
296,Kudahuvadhoo,MV,2.6708,72.8944,79.74,69,100,14.45,overcast clouds,2022-01-27 01:55:12
297,Moa,CU,20.6569,-74.9403,74.19,84,4,8.05,clear sky,2022-01-27 01:55:12
298,Yulara,AU,-25.2406,130.9889,89.44,43,42,8.05,scattered clouds,2022-01-27 01:55:13
299,Rongcheng,CN,30.634,117.8517,39.74,97,100,4.92,light rain,2022-01-27 01:55:13
300,Baoying,CN,33.2292,119.3092,41.2,66,100,10.87,overcast clouds,2022-01-27 01:55:14
301,Mahibadhoo,MV,3.7833,72.9667,79.7,66,73,11.48,broken clouds,2022-01-27 01:55:14
302,Tual,ID,-5.6667,132.75,83.88,76,95,4.12,overcast clouds,2022-01-27 01:55:15
303,Abu Kamal,SY,34.4506,40.9171,46.98,62,59,16.22,broken clouds,2022-01-27 01:55:15
304,Lar,IN,26.2039,83.9717,47.75,79,0,6.33,clear sky,2022-01-27 01:55:15
305,Pudozh,RU,61.8099,36.5345,15.67,88,100,6.4,overcast clouds,2022-01-27 01:55:16
306,Namtsy,RU,62.7161,129.6658,-34.49,98,97,1.45,overcast clouds,2022-01-27 01:55:16
307,Skjervoy,NO,70.0311,20.9714,29.71,68,100,5.68,overcast clouds,2022-01-27 01:55:17
308,Ileza,RU,61.0533,43.9002,-9.72,100,100,3.18,overcast clouds,2022-01-27 01:55:17
309,Yabelo,ET,4.8833,38.0833,56.53,34,14,8.1,few clouds,2022-01-27 01:55:17
310,Los Llanos De Aridane,ES,28.6585,-17.9182,56.95,77,75,8.99,broken clouds,2022-01-27 01:55:18
311,Baculin,PH,7.4525,126.5842,82.18,76,70,3.49,broken clouds,2022-01-27 01:55:18
312,Tilichiki,RU,60.4667,166.1,20.25,94,100,11.05,light snow,2022-01-27 01:46:21
313,Nanortalik,GL,60.1432,-45.2371,22.24,76,100,18.72,overcast clouds,2022-01-27 01:55:19
314,Raymondville,US,26.4815,-97.7831,64.02,84,100,9.35,overcast clouds,2022-01-27 01:55:19
315,Antofagasta,CL,-23.65,-70.4,65.48,79,29,3.27,scattered clouds,2022-01-27 01:42:24
316,Roald,NO,62.5833,6.1333,40.91,93,100,20.71,light rain,2022-01-27 01:55:20
317,Kongsberg,NO,59.6652,9.6465,40.08,98,45,3.67,scattered clouds,2022-01-27 01:55:20
318,Rosetown,CA,51.5501,-108.0014,32.99,86,93,18.41,overcast clouds,2022-01-27 01:55:21
319,Caravelas,BR,-17.7125,-39.2481,74.86,92,59,4.07,broken clouds,2022-01-27 01:55:21
320,Plettenberg Bay,ZA,-34.0527,23.3716,65.84,96,74,3.69,broken clouds,2022-01-27 01:55:21
321,Salamiyah,SY,35.0113,37.0532,37.22,95,100,10.2,overcast clouds,2022-01-27 01:56:22
322,Bonga,ET,7.2833,36.2333,58.98,60,19,1.92,few clouds,2022-01-27 01:56:22
323,Atar,MR,20.5169,-13.0499,63.32,49,27,8.46,scattered clouds,2022-01-27 01:56:23
324,Muisne,EC,0.6,-80.0333,76.62,87,17,4.81,light rain,2022-01-27 01:56:23
325,Poum,NC,-20.2333,164.0167,81.03,75,25,10.42,scattered clouds,2022-01-27 01:53:13
326,Krasnyy Luch,UA,48.1395,38.9371,10.92,97,100,2.89,overcast clouds,2022-01-27 01:56:23
327,Davila,PH,18.4726,120.5763,80.58,89,73,22.12,broken clouds,2022-01-27 01:56:24
328,Luanda,AO,-8.8368,13.2343,77.0,88,75,6.91,light rain,2022-01-27 01:56:24
329,Apricena,IT,41.7839,15.4437,40.77,89,21,2.21,few clouds,2022-01-27 01:56:25
330,Newport,GB,51.5877,-2.9984,49.24,84,100,5.99,overcast clouds,2022-01-27 01:56:25
331,Changji,CN,44.0167,87.3167,2.19,85,75,2.24,mist,2022-01-27 01:56:26
332,Pacifica,US,37.6138,-122.4869,59.11,73,0,2.51,clear sky,2022-01-27 01:56:26
333,Byron Bay,AU,-28.65,153.6167,81.05,65,5,10.29,clear sky,2022-01-27 01:56:26
334,Aras,ES,42.5617,-2.356,26.4,93,0,2.3,clear sky,2022-01-27 01:56:27
335,Pergamino,AR,-33.89,-60.5736,69.26,60,2,17.16,clear sky,2022-01-27 01:56:27
336,Manokwari,ID,-0.8667,134.0833,83.66,69,100,5.55,overcast clouds,2022-01-27 01:56:28
337,Jalingo,NG,8.8833,11.3667,69.44,23,19,5.55,few clouds,2022-01-27 01:56:28
338,Pisco,PE,-13.7,-76.2167,71.02,77,0,19.57,clear sky,2022-01-27 01:56:28
339,Traverse City,US,44.7631,-85.6206,17.78,81,100,3.0,overcast clouds,2022-01-27 01:56:29
340,Fryanovo,RU,56.1333,38.45,20.64,100,100,2.08,light snow,2022-01-27 01:56:29
341,Tautira,PF,-17.7333,-149.15,86.02,77,43,15.21,light rain,2022-01-27 01:56:30
342,Arman,RU,59.7,150.1667,-6.93,78,100,10.22,overcast clouds,2022-01-27 01:56:30
343,Hede,CN,33.7681,120.2517,42.87,62,100,13.65,overcast clouds,2022-01-27 01:56:30
344,Tiznit,MA,29.5833,-9.5,50.4,64,55,8.23,broken clouds,2022-01-27 01:56:31
345,Karaton,ID,-6.3424,106.1045,84.96,84,100,2.62,overcast clouds,2022-01-27 01:56:31
346,Nantucket,US,41.2835,-70.0995,24.1,58,97,20.69,overcast clouds,2022-01-27 01:56:22
347,Nobeoka,JP,32.5833,131.6667,47.77,53,96,3.13,heavy intensity rain,2022-01-27 01:56:32
348,Tiarei,PF,-17.5333,-149.3333,86.02,76,58,16.13,light rain,2022-01-27 01:56:32
349,Beloha,MG,-25.1667,45.05,67.68,89,0,8.81,clear sky,2022-01-27 01:56:33
350,Chokwe,MZ,-24.5333,32.9833,73.35,97,66,4.07,broken clouds,2022-01-27 01:56:33
351,Mouzouras,GR,35.5333,24.15,44.44,70,75,4.61,broken clouds,2022-01-27 01:56:33
352,Palmer,US,42.1584,-72.3287,16.21,63,2,2.8,clear sky,2022-01-27 01:56:34
353,Cabra,ES,37.4725,-4.4421,51.91,75,99,5.93,overcast clouds,2022-01-27 01:56:34
354,Moron,AR,-34.6534,-58.6198,67.75,69,56,12.68,broken clouds,2022-01-27 01:56:35
355,Ambilobe,MG,-13.2,49.05,71.94,95,83,3.13,broken clouds,2022-01-27 01:56:35
356,Dembi Dolo,ET,8.5333,34.8,62.13,42,96,4.47,overcast clouds,2022-01-27 01:56:35
357,Khvoynaya,RU,58.9,34.5333,12.61,94,100,6.49,overcast clouds,2022-01-27 01:56:36
358,Uniontown,US,39.9001,-79.7164,9.48,97,44,3.91,scattered clouds,2022-01-27 01:56:36
359,Portland,US,45.5234,-122.6762,43.7,73,9,1.01,clear sky,2022-01-27 01:55:06
360,Belaya Gora,RU,68.5333,146.4167,-33.83,98,16,6.8,few clouds,2022-01-27 01:56:37
361,Lufilufi,WS,-13.8745,-171.5986,89.38,77,29,14.05,light rain,2022-01-27 01:56:37
362,Mercedes,AR,-34.6515,-59.4307,64.85,59,20,15.73,few clouds,2022-01-27 01:56:38
363,Ola,RU,59.5833,151.2833,-3.78,75,100,10.18,overcast clouds,2022-01-27 01:56:38
364,Denpasar,ID,-8.65,115.2167,78.46,100,75,16.11,broken clouds,2022-01-27 01:56:38
365,Samarai,PG,-10.6167,150.6667,84.96,72,100,0.45,overcast clouds,2022-01-27 01:56:39
366,Lazarev,RU,52.225,141.5131,-7.11,90,18,2.01,few clouds,2022-01-27 01:56:39
367,Petropavl,KZ,54.8753,69.1628,-2.22,78,0,6.71,clear sky,2022-01-27 01:56:40
368,Hrodna,BY,53.6884,23.8258,33.53,98,100,13.15,overcast clouds,2022-01-27 01:56:40
369,Chapais,CA,49.7834,-74.8492,-15.02,87,30,12.24,scattered clouds,2022-01-27 01:56:40
370,Cukai,MY,4.25,103.4167,77.14,70,55,7.05,broken clouds,2022-01-27 01:57:41
371,Richards Bay,ZA,-28.783,32.0377,72.99,96,26,7.02,scattered clouds,2022-01-27 01:57:41
372,Cabo San Lucas,MX,22.8909,-109.9124,70.52,65,7,1.01,clear sky,2022-01-27 01:57:42
373,Laguna,US,38.421,-121.4238,59.5,58,0,1.01,clear sky,2022-01-27 01:57:42
374,Jawhar,SO,2.7809,45.5005,69.91,80,6,10.71,clear sky,2022-01-27 01:57:43
375,Manbij,SY,36.5281,37.9549,34.57,97,100,6.71,overcast clouds,2022-01-27 01:57:43
376,Mount Gambier,AU,-37.8333,140.7667,87.71,42,40,6.91,light rain,2022-01-27 01:57:43
377,Hammerfest,NO,70.6634,23.6821,28.85,93,75,2.3,broken clouds,2022-01-27 01:57:44
378,Canyon,US,34.9803,-101.9188,28.69,78,7,9.44,clear sky,2022-01-27 01:57:44
379,Cilegon,ID,-6.0174,106.0538,84.09,79,100,7.18,overcast clouds,2022-01-27 01:57:45
380,Mani,CO,4.8172,-72.2886,84.94,43,98,4.65,overcast clouds,2022-01-27 01:57:45
381,Fairbanks,US,64.8378,-147.7164,-2.2,84,100,0.0,overcast clouds,2022-01-27 01:57:45
382,Aasiaat,GL,68.7098,-52.8699,6.24,96,100,11.03,overcast clouds,2022-01-27 01:57:46
383,Rabo De Peixe,PT,37.8,-25.5833,57.27,94,20,11.5,few clouds,2022-01-27 01:57:46
384,Canete,CL,-37.8,-73.4,57.96,80,2,2.39,clear sky,2022-01-27 01:57:46
385,Kantilo,IN,20.35,85.1833,64.26,56,0,3.8,clear sky,2022-01-27 01:57:47
386,Baghdad,IQ,33.3406,44.4009,44.51,57,0,8.05,clear sky,2022-01-27 01:53:07
387,Severo-Kurilsk,RU,50.6789,156.125,26.44,67,88,27.45,overcast clouds,2022-01-27 01:57:47
388,Penzance,GB,50.1186,-5.5371,48.76,76,100,18.25,overcast clouds,2022-01-27 01:57:48
389,Tauranga,NZ,-37.6861,176.1667,81.75,47,0,3.0,clear sky,2022-01-27 01:57:48
390,Lodja,CD,-3.4833,23.4333,69.28,98,100,3.67,overcast clouds,2022-01-27 01:57:49
391,Lavrentiya,RU,65.5833,-171.0,-17.86,87,30,4.85,scattered clouds,2022-01-27 01:57:49
392,Leningradskiy,RU,69.3833,178.4167,-25.26,90,10,3.87,clear sky,2022-01-27 01:57:49
393,Gallup,US,35.5281,-108.7426,32.02,66,0,1.01,clear sky,2022-01-27 01:54:53
394,Sibolga,ID,1.7427,98.7792,81.55,63,56,1.16,broken clouds,2022-01-27 01:57:50
395,Matamoros,MX,25.5333,-103.25,59.04,33,17,5.26,few clouds,2022-01-27 01:57:50
396,Clyde River,CA,70.4692,-68.5914,-7.37,77,100,19.57,light snow,2022-01-27 01:57:51
397,Oranjestad,AW,12.524,-70.027,78.75,73,20,13.8,few clouds,2022-01-27 01:57:51
398,Fort Nelson,CA,58.8053,-122.7002,26.19,86,75,3.44,broken clouds,2022-01-27 01:55:51
399,Dalnegorsk,RU,44.5604,135.5701,15.39,66,12,10.11,few clouds,2022-01-27 01:57:52
400,Mana,GF,5.6592,-53.7767,75.13,87,50,7.27,scattered clouds,2022-01-27 01:57:52
401,Hofn,IS,64.2539,-15.2082,30.79,53,100,9.51,overcast clouds,2022-01-27 01:57:52
402,Beringovskiy,RU,63.05,179.3167,1.83,95,100,6.33,overcast clouds,2022-01-27 01:57:53
403,Goderich,CA,43.7501,-81.7165,12.9,61,96,9.22,overcast clouds,2022-01-27 01:57:53
404,Alice Springs,AU,-23.7,133.8833,89.15,48,10,8.05,clear sky,2022-01-27 01:57:54
405,Moissala,TD,8.3404,17.7663,69.55,24,100,4.5,overcast clouds,2022-01-27 01:57:54
406,Valle De Allende,MX,26.9333,-105.4,55.26,18,1,5.86,clear sky,2022-01-27 01:57:55
407,Komsomolskiy,UZ,40.4272,71.7189,29.62,80,0,2.3,mist,2022-01-27 01:57:55
408,Maniitsoq,GL,65.4167,-52.9,16.0,92,100,10.58,snow,2022-01-27 01:57:55
409,Sitka,US,57.0531,-135.33,34.77,86,100,5.12,overcast clouds,2022-01-27 01:57:56
410,Bathsheba,BB,13.2167,-59.5167,72.21,88,20,6.91,few clouds,2022-01-27 01:57:56
411,Thyolo,MW,-16.0678,35.1405,66.6,95,100,7.94,light rain,2022-01-27 01:57:57
412,Snyder,US,32.7179,-100.9176,30.52,74,100,6.91,overcast clouds,2022-01-27 01:57:57
413,Ulladulla,AU,-35.35,150.4667,77.9,51,4,15.84,clear sky,2022-01-27 01:57:04
414,Hithadhoo,MV,-0.6,73.0833,81.63,74,94,19.77,overcast clouds,2022-01-27 01:57:58
415,Bacong,PH,9.2464,123.2956,81.61,86,47,10.98,scattered clouds,2022-01-27 01:57:58
416,Natal,BR,-5.795,-35.2094,79.02,89,40,4.61,heavy intensity rain,2022-01-27 01:57:58
417,Swellendam,ZA,-34.0226,20.4417,57.58,91,14,3.13,few clouds,2022-01-27 01:57:59
418,Solwezi,ZM,-12.1688,26.3894,60.73,98,100,4.68,light rain,2022-01-27 01:58:59
419,Monrovia,LR,6.3005,-10.7969,79.12,79,24,6.24,few clouds,2022-01-27 01:58:43
420,Brae,GB,60.3964,-1.353,42.71,83,100,33.82,overcast clouds,2022-01-27 01:59:00
421,Dajal,PK,29.5577,70.3762,48.9,30,0,4.36,clear sky,2022-01-27 01:59:00
422,Mitu,CO,1.1983,-70.1733,73.58,90,35,3.06,scattered clouds,2022-01-27 01:59:01
423,Seybaplaya,MX,19.65,-90.6667,73.45,86,0,14.2,clear sky,2022-01-27 01:59:01
424,Rakhiv,UA,48.0526,24.2009,23.86,98,99,0.98,overcast clouds,2022-01-27 01:59:01
425,Halifax,CA,44.6453,-63.5724,15.01,77,39,5.99,scattered clouds,2022-01-27 01:55:33
426,Najran,SA,17.4924,44.1277,50.65,57,0,6.29,clear sky,2022-01-27 01:59:02
427,Gamba,GA,-2.65,10.0,75.99,90,100,5.61,overcast clouds,2022-01-27 01:59:02
428,Gumdag,TM,39.2061,54.5906,40.51,54,100,15.68,overcast clouds,2022-01-27 01:59:03
429,Sioux Lookout,CA,50.1001,-91.917,19.78,86,100,8.05,overcast clouds,2022-01-27 01:59:03
430,Fene,ES,43.45,-8.15,42.71,89,2,4.81,clear sky,2022-01-27 01:59:04
431,La Ronge,CA,55.1001,-105.2842,8.85,66,100,11.5,overcast clouds,2022-01-27 01:59:04
432,Concarneau,FR,47.875,-3.9225,38.17,91,11,1.23,few clouds,2022-01-27 01:59:04
433,Kharp,RU,66.8014,65.8081,7.14,92,100,4.99,overcast clouds,2022-01-27 01:59:05
434,Alta Floresta,BR,-9.8756,-56.0861,71.08,98,100,3.85,overcast clouds,2022-01-27 01:59:05
435,Yumen,CN,40.2833,97.2,19.2,44,91,7.09,overcast clouds,2022-01-27 01:59:06
436,Krasnoselkup,RU,65.7,82.4667,-4.2,97,100,17.4,overcast clouds,2022-01-27 01:59:06
437,Mayumba,GA,-3.432,10.6554,76.1,88,70,2.66,broken clouds,2022-01-27 01:59:07
438,Prieska,ZA,-29.6641,22.7474,81.27,24,6,3.11,clear sky,2022-01-27 01:59:07
439,Vung Tau,VN,10.346,107.0843,78.6,76,13,6.51,few clouds,2022-01-27 01:57:01
440,Challapata,BO,-18.9,-66.7667,47.28,81,100,7.63,overcast clouds,2022-01-27 01:59:08
441,Coquimbo,CL,-29.9533,-71.3436,62.33,77,0,5.75,clear sky,2022-01-27 01:59:08
442,Bereda,ES,43.2686,-7.5406,45.91,100,34,1.68,scattered clouds,2022-01-27 01:59:08
443,Siderno,IT,38.2779,16.302,54.18,86,20,9.15,few clouds,2022-01-27 01:59:09
444,Touros,BR,-5.1989,-35.4608,77.9,75,100,11.12,moderate rain,2022-01-27 01:59:09
445,Celestun,MX,20.8667,-90.4,73.26,82,3,13.56,clear sky,2022-01-27 01:59:10
446,Nelson Bay,AU,-32.7167,152.15,83.28,61,0,15.41,clear sky,2022-01-27 01:59:10
447,Shahpura,IN,27.3833,75.9667,47.53,55,0,1.61,clear sky,2022-01-27 01:59:11
448,Bukachacha,RU,52.9833,116.9167,-4.18,88,29,1.77,scattered clouds,2022-01-27 01:59:11
449,Tha Mai,TH,12.6214,102.0048,85.41,85,12,2.1,few clouds,2022-01-27 01:59:11
450,Port Blair,IN,11.6667,92.75,80.64,74,40,6.91,scattered clouds,2022-01-27 01:59:12
451,San Cristobal,VE,7.7669,-72.225,71.78,88,95,2.01,overcast clouds,2022-01-27 01:59:12
452,Akyab,MM,20.15,92.9,69.66,67,0,6.31,clear sky,2022-01-27 01:59:13
453,Smithers,CA,54.7804,-127.1743,28.72,86,75,4.61,broken clouds,2022-01-27 01:59:13
454,Socorro,US,31.6546,-106.3033,55.18,27,55,2.95,broken clouds,2022-01-27 01:59:13
455,Vestmannaeyjar,IS,63.4427,-20.2734,36.1,66,87,3.27,overcast clouds,2022-01-27 01:59:14
456,Port Macquarie,AU,-31.4333,152.9167,78.76,59,54,9.37,broken clouds,2022-01-27 01:59:14
457,Verkhnevilyuysk,RU,63.4453,120.3167,-9.15,98,100,4.9,overcast clouds,2022-01-27 01:59:15
458,Taltal,CL,-25.4,-70.4833,66.38,83,19,3.47,few clouds,2022-01-27 01:59:15
459,Brodnica,PL,53.2597,19.3965,37.18,97,100,14.79,overcast clouds,2022-01-27 01:59:15
460,Kysyl-Syr,RU,63.8986,122.7617,-15.48,100,94,2.84,overcast clouds,2022-01-27 01:59:16
461,Galveston,US,29.3669,-94.9669,51.91,79,3,9.24,clear sky,2022-01-27 01:59:06
462,Birjand,IR,32.8663,59.2211,36.07,44,0,4.61,clear sky,2022-01-27 01:59:16
463,Altay,CN,47.8667,88.1167,5.77,79,100,2.59,overcast clouds,2022-01-27 02:00:17
464,Hoquiam,US,46.9809,-123.8893,48.99,81,47,8.01,scattered clouds,2022-01-27 02:00:18
465,Orsha,BY,54.5153,30.4053,9.79,97,57,9.08,broken clouds,2022-01-27 02:00:19
466,Zherdevka,RU,51.8486,41.4606,-6.36,100,100,3.65,overcast clouds,2022-01-27 02:00:19
467,Kuytun,RU,54.3419,101.5036,-9.42,100,100,3.24,overcast clouds,2022-01-27 02:00:20
468,Glenwood Springs,US,39.5505,-107.3248,27.36,57,40,8.05,scattered clouds,2022-01-27 02:00:20
469,Varda,GR,38.0333,21.3667,42.13,56,1,3.44,clear sky,2022-01-27 02:00:21
470,Gaspe,CA,48.8334,-64.4819,-3.59,91,27,7.27,scattered clouds,2022-01-27 02:00:21
471,Sinnamary,GF,5.3833,-52.95,75.29,88,23,7.14,few clouds,2022-01-27 02:00:22
472,Vaitape,PF,-16.5167,-151.75,81.09,77,24,17.78,light rain,2022-01-27 02:00:22
473,Hirara,JP,24.8,125.2833,70.59,68,59,9.55,broken clouds,2022-01-27 02:00:23
474,Kasongo-Lunda,CD,-6.4667,16.8167,67.53,97,100,0.72,overcast clouds,2022-01-27 02:00:23
475,Hovd,MN,48.0056,91.6419,-10.98,79,95,1.1,overcast clouds,2022-01-27 02:00:24
476,Angoche,MZ,-16.2325,39.9086,74.32,92,100,8.21,overcast clouds,2022-01-27 02:00:24
477,Saint-Francois,FR,46.4154,3.9054,26.67,93,100,0.0,mist,2022-01-27 02:00:25
478,Ambon,ID,-3.6954,128.1814,91.54,58,20,5.75,few clouds,2022-01-27 02:00:25
479,Nemuro,JP,43.3236,145.575,27.03,93,100,9.91,light snow,2022-01-27 02:00:26
480,Dothan,US,31.2232,-85.3905,49.37,47,36,9.51,scattered clouds,2022-01-27 02:00:26
481,Paamiut,GL,61.994,-49.6678,9.93,73,100,11.92,overcast clouds,2022-01-27 02:00:27
482,Corinto,GR,37.9407,22.9573,39.61,71,2,2.59,clear sky,2022-01-27 02:00:27
483,Changping,CN,40.2186,116.2197,28.04,45,4,6.82,clear sky,2022-01-27 02:00:28
484,Homer,US,59.6425,-151.5483,28.78,92,100,9.71,overcast clouds,2022-01-27 02:00:17
485,Nadym,RU,65.5333,72.5167,1.15,96,100,10.07,overcast clouds,2022-01-27 02:00:28
486,Bibiani,GH,6.4635,-2.3194,66.51,79,0,0.85,clear sky,2022-01-27 02:00:29
487,Havelock,US,34.8791,-76.9013,33.93,70,31,4.0,scattered clouds,2022-01-27 01:59:43
488,Bonnyville,CA,54.2668,-110.735,26.58,82,99,12.88,overcast clouds,2022-01-27 02:00:29
489,Ancud,CL,-41.8697,-73.8203,58.42,78,0,1.81,clear sky,2022-01-27 02:00:30
490,Kavieng,PG,-2.5744,150.7967,84.0,75,91,8.93,light rain,2022-01-27 02:00:31
491,Merritt Island,US,28.5392,-80.672,66.22,90,100,6.91,light rain,2022-01-27 02:00:03
492,Shahrud,IR,36.4182,54.9763,35.74,45,76,2.19,broken clouds,2022-01-27 02:00:31
493,Lashio,MM,22.9333,97.75,56.68,89,47,0.81,scattered clouds,2022-01-27 02:00:32
494,Sur,OM,22.5667,59.5289,66.15,52,1,3.89,clear sky,2022-01-27 02:00:32
495,Ozu,JP,33.5,132.55,52.18,53,97,6.4,overcast clouds,2022-01-27 02:00:33
496,Pervomayskiy,RU,53.2485,40.2871,-3.93,100,100,3.65,overcast clouds,2022-01-27 02:00:33
497,Imeni Babushkina,RU,59.7573,43.1285,-5.85,100,100,3.11,overcast clouds,2022-01-27 02:00:34
498,Nioaque,BR,-21.1353,-55.83,81.36,56,98,3.33,overcast clouds,2022-01-27 02:00:34
499,Baruun-Urt,MN,46.6806,113.2792,-4.34,86,8,6.4,clear sky,2022-01-27 02:00:35
500,Mahajanga,MG,-15.7167,46.3167,73.42,100,20,3.44,few clouds,2022-01-27 02:00:35
501,San Quintin,MX,30.4833,-115.95,58.1,71,99,8.52,overcast clouds,2022-01-27 02:00:36
502,Buenos Aires,AR,-34.6132,-58.3772,67.73,66,0,18.41,clear sky,2022-01-27 01:55:37
503,Kuryk,KZ,43.2,51.65,37.42,66,96,12.53,overcast clouds,2022-01-27 02:00:36
504,Pavino,RU,59.1139,46.1414,-7.2,100,99,2.28,overcast clouds,2022-01-27 02:00:36
505,Iqaluit,CA,63.7506,-68.5145,-22.27,69,20,2.3,few clouds,2022-01-27 01:59:53
506,Bima,ID,-8.4667,118.7167,84.11,78,100,1.1,overcast clouds,2022-01-27 02:01:37
507,Hualmay,PE,-11.0964,-77.6139,71.53,81,95,9.13,overcast clouds,2022-01-27 02:01:38
508,General Roca,AR,-39.0333,-67.5833,76.17,32,0,16.2,light rain,2022-01-27 02:01:38
509,Rawson,AR,-43.3002,-65.1023,61.0,60,0,11.16,clear sky,2022-01-27 02:01:38
510,Nicoya,CR,10.1483,-85.452,75.92,65,90,8.84,overcast clouds,2022-01-27 02:01:39
511,Olafsvik,IS,64.8945,-23.7142,33.85,60,100,6.17,overcast clouds,2022-01-27 02:01:39
512,Pakokku,MM,21.3333,95.1,65.73,73,1,1.79,clear sky,2022-01-27 02:01:40
513,Arys,KZ,42.4252,68.795,26.82,43,0,6.87,clear sky,2022-01-27 02:01:40
514,Rovira,CO,4.2392,-75.24,69.62,90,100,5.08,overcast clouds,2022-01-27 02:01:40
515,Paka,MY,4.6374,103.4368,80.89,71,66,5.95,broken clouds,2022-01-27 02:01:41
516,Puerto Del Rosario,ES,28.5004,-13.8627,58.75,77,47,8.05,scattered clouds,2022-01-27 02:01:41
517,Galle,LK,6.0367,80.217,73.87,82,100,4.23,overcast clouds,2022-01-27 01:57:35
518,Axim,GH,4.8699,-2.2405,78.33,87,0,2.48,clear sky,2022-01-27 02:01:42
519,Verkhovazhye,RU,60.7472,42.0465,1.26,100,100,3.85,overcast clouds,2022-01-27 02:01:42
520,Monte Alegre,BR,-2.0078,-54.0692,77.97,75,100,3.09,overcast clouds,2022-01-27 02:01:43
521,Kalmunai,LK,7.4167,81.8167,74.1,76,86,4.7,overcast clouds,2022-01-27 02:01:43
522,Belomorsk,RU,64.5232,34.7668,21.07,93,100,8.81,overcast clouds,2022-01-27 02:01:43
523,Egvekinot,RU,66.3167,-179.1667,-13.09,88,100,1.86,overcast clouds,2022-01-27 02:01:44
524,The Valley,AI,18.217,-63.0578,77.09,74,49,14.7,scattered clouds,2022-01-27 02:01:44
525,Shimoda,JP,34.6667,138.95,50.11,71,100,5.19,overcast clouds,2022-01-27 02:01:45
526,Uarini,BR,-2.99,-65.1083,73.35,98,100,1.12,overcast clouds,2022-01-27 02:01:45
527,Westport,US,41.1415,-73.3579,23.99,50,11,3.0,few clouds,2022-01-27 02:01:02
528,Billings,US,45.7833,-108.5007,36.52,54,40,8.05,scattered clouds,2022-01-27 02:01:44
529,Havoysund,NO,70.9963,24.6622,29.28,73,100,6.49,light snow,2022-01-27 02:01:46
530,Williams Lake,CA,52.1415,-122.1445,10.22,89,88,0.4,overcast clouds,2022-01-27 02:01:46
531,Contamana,PE,-7.3333,-75.0167,73.85,80,99,1.66,overcast clouds,2022-01-27 02:01:46
532,Pangnirtung,CA,66.1451,-65.7125,-23.94,96,100,4.72,overcast clouds,2022-01-27 02:01:47
533,Nisia Floresta,BR,-6.0911,-35.2086,77.22,84,68,6.98,light rain,2022-01-27 02:01:47
534,Thung Song,TH,8.1645,99.6804,85.42,72,9,6.17,clear sky,2022-01-27 02:01:48
535,Lorient,FR,47.8333,-3.25,37.89,93,0,1.99,mist,2022-01-27 02:01:48
536,Xai-Xai,MZ,-25.0519,33.6442,74.52,95,92,5.23,overcast clouds,2022-01-27 02:01:49
537,Ishigaki,JP,24.3448,124.1572,71.04,73,98,10.18,overcast clouds,2022-01-27 02:01:49
538,Jalu,LY,29.0331,21.5482,49.01,65,62,5.82,broken clouds,2022-01-27 02:01:49
539,Channel-Port Aux Basques,CA,47.5702,-59.1367,21.43,81,99,13.0,overcast clouds,2022-01-27 02:01:50
540,Aliaga,PH,15.5167,120.8667,84.33,65,46,3.91,scattered clouds,2022-01-27 02:01:50
541,Ust-Uda,RU,54.1742,103.0304,-15.16,100,99,1.79,overcast clouds,2022-01-27 02:01:51
542,Praia,CV,14.9215,-23.5087,72.14,78,75,23.02,broken clouds,2022-01-27 01:56:59
543,Saint-Joseph,RE,-21.3667,55.6167,70.18,67,38,6.22,scattered clouds,2022-01-27 02:01:51
544,Evensk,RU,61.95,159.2333,7.92,79,100,13.98,overcast clouds,2022-01-27 02:01:52
545,Kamaishi,JP,39.2667,141.8833,39.24,48,4,12.3,clear sky,2022-01-27 02:01:52
546,Prabumulih,ID,-3.45,104.25,78.6,82,100,3.78,overcast clouds,2022-01-27 02:01:53
547,Lata,PT,40.1629,-8.3327,46.92,77,66,5.03,broken clouds,2022-01-27 02:01:53
548,Humaita,BR,-7.5061,-63.0208,73.56,92,100,2.44,light rain,2022-01-27 02:01:53
549,Coahuayana,MX,18.7333,-103.6833,80.08,75,100,1.1,overcast clouds,2022-01-27 02:01:54
550,Cayenne,GF,4.9333,-52.3333,73.44,100,75,2.3,mist,2022-01-27 02:01:54
551,Banda Aceh,ID,5.5577,95.3222,81.37,74,43,3.15,scattered clouds,2022-01-27 02:01:55
552,Husavik,IS,66.0449,-17.3389,23.11,74,100,8.12,overcast clouds,2022-01-27 02:01:55
553,Kumano,JP,34.3442,132.5894,49.89,54,92,3.47,overcast clouds,2022-01-27 02:01:56
554,Dawlatabad,AF,36.4141,64.9053,37.38,46,0,2.44,clear sky,2022-01-27 02:01:56
555,Alingsas,SE,57.9303,12.5335,41.54,96,99,12.95,light rain,2022-01-27 02:02:57
556,Chernogorsk,RU,53.8236,91.2842,-2.63,84,100,2.24,mist,2022-01-27 02:02:57
557,Charagua,BO,-19.8,-63.2167,82.11,46,97,9.57,overcast clouds,2022-01-27 02:02:57
558,Seoul,KR,37.5683,126.9778,33.19,51,20,4.61,few clouds,2022-01-27 01:59:10
559,Griffith,US,41.5284,-87.4237,8.89,72,0,1.01,clear sky,2022-01-27 02:02:58
560,Marrakesh,MA,31.6315,-8.0083,48.27,87,40,2.3,scattered clouds,2022-01-27 02:02:59
561,Kupang,ID,-10.1667,123.5833,88.38,74,40,9.22,scattered clouds,2022-01-27 02:02:59
562,Rio Grande,BR,-32.035,-52.0986,77.11,93,100,15.75,overcast clouds,2022-01-27 02:02:59
563,Carman,CA,49.4992,-98.0016,26.92,93,99,12.82,light snow,2022-01-27 02:01:12
564,Bilma,NE,18.6853,12.9164,51.89,37,11,9.28,few clouds,2022-01-27 02:03:00
565,Tabou,CI,4.423,-7.3528,78.6,82,6,6.06,clear sky,2022-01-27 02:03:00
566,Chauk,MM,20.8833,94.8167,66.88,69,21,2.95,few clouds,2022-01-27 02:03:01
567,Irbit,RU,57.6705,63.071,11.28,89,19,10.94,few clouds,2022-01-27 02:03:01
568,Takaka,NZ,-40.85,172.8,68.56,56,18,11.65,few clouds,2022-01-27 02:03:02
569,Bilibino,RU,68.0546,166.4372,-30.55,95,20,3.22,few clouds,2022-01-27 02:03:02
570,Hot Springs,US,34.5037,-93.0552,35.4,44,54,4.0,broken clouds,2022-01-27 02:00:16
571,Santa Isabel,BR,-23.3156,-46.2214,74.98,91,27,3.33,scattered clouds,2022-01-27 02:03:03
572,Knysna,ZA,-34.0363,23.0471,64.78,96,81,3.89,broken clouds,2022-01-27 02:03:03
573,Korhogo,CI,9.45,-5.6333,68.32,19,1,1.45,clear sky,2022-01-27 02:03:04
574,Bashtanka,UA,47.4072,32.4387,23.0,88,97,6.22,overcast clouds,2022-01-27 02:03:04
575,Concepcion Del Uruguay,AR,-32.4825,-58.2372,71.98,93,94,5.01,overcast clouds,2022-01-27 02:03:05
576,Itoman,JP,26.1247,127.6694,73.78,64,75,11.5,broken clouds,2022-01-27 02:03:05
577,Nordhorn,DE,52.4333,7.0833,40.96,79,100,19.33,overcast clouds,2022-01-27 02:03:05
578,Asosa,ET,10.0667,34.5333,63.84,42,99,6.6,overcast clouds,2022-01-27 02:03:06
579,Tarauaca,BR,-8.1614,-70.7656,72.52,91,95,2.57,overcast clouds,2022-01-27 02:03:06
580,Santa Rosa,PH,14.3122,121.1114,87.1,73,43,12.75,scattered clouds,2022-01-27 02:03:07
581,Galdar,ES,28.147,-15.6502,59.5,76,29,11.54,scattered clouds,2022-01-27 02:03:07
582,Little Rock,US,34.7465,-92.2896,32.76,49,40,5.01,scattered clouds,2022-01-27 02:02:17
583,Koslan,RU,63.4564,48.8989,1.06,100,99,3.6,overcast clouds,2022-01-27 02:03:08
584,Berezovyy,RU,51.6667,135.7,6.28,89,98,2.06,overcast clouds,2022-01-27 02:03:08
585,Madang,PG,-5.2246,145.7966,86.74,65,100,2.98,light rain,2022-01-27 02:03:08
586,Loreto,MX,22.2667,-101.9667,56.95,33,100,5.1,overcast clouds,2022-01-27 02:03:09
587,Talara,PE,-4.5772,-81.2719,71.78,80,100,10.0,overcast clouds,2022-01-27 02:03:09
588,Terrace Bay,CA,48.7834,-87.1,22.57,92,100,28.88,snow,2022-01-27 02:03:10
589,Velikiy Ustyug,RU,60.7644,46.3106,-10.37,100,99,2.84,overcast clouds,2022-01-27 02:03:10
590,Nkoteng,CM,4.5167,12.0333,64.29,37,100,1.9,overcast clouds,2022-01-27 02:03:10
591,Vrchlabi,CZ,50.627,15.6094,33.44,92,100,6.33,overcast clouds,2022-01-27 02:03:11
592,Massaguet,TD,12.4755,15.4365,64.56,21,5,16.6,clear sky,2022-01-27 02:03:11
593,Black Forest,US,39.0131,-104.7008,28.29,45,0,1.01,clear sky,2022-01-27 02:03:12
594,Kyzyl-Suu,KG,42.3414,78.0056,11.86,48,12,11.25,few clouds,2022-01-27 02:03:12
595,Labuhan,ID,-6.8844,112.2051,82.42,76,100,10.33,overcast clouds,2022-01-27 02:03:12
596,Pula,HR,44.8683,13.8481,36.46,93,100,3.44,overcast clouds,2022-01-27 02:00:54
597,Dwarka,IN,22.2394,68.9678,64.2,43,0,9.66,clear sky,2022-01-27 02:03:13
598,Ahuimanu,US,21.4447,-157.8378,80.31,59,20,5.01,few clouds,2022-01-27 02:03:13
599,Srivardhan,IN,18.0333,73.0167,66.18,59,3,5.53,clear sky,2022-01-27 02:04:14
600,Yining,CN,29.0361,114.5636,42.67,95,100,3.4,overcast clouds,2022-01-27 02:04:14
601,Koumac,NC,-20.5667,164.2833,83.07,70,57,11.74,broken clouds,2022-01-27 02:04:00
602,Salinas,US,36.6777,-121.6555,59.81,74,0,8.05,clear sky,2022-01-27 02:04:15
603,Mongar,BT,27.2747,91.2396,37.65,79,9,5.44,clear sky,2022-01-27 02:04:15
604,Nalut,LY,30.3333,10.85,38.19,54,94,8.93,overcast clouds,2022-01-27 02:04:15
605,Samandag,TR,36.0842,35.9771,39.72,92,100,5.91,overcast clouds,2022-01-27 02:04:16
606,Dallas,US,32.7668,-96.7836,48.15,34,100,4.61,overcast clouds,2022-01-27 02:02:13
607,Ipora,BR,-16.4419,-51.1178,68.63,92,10,0.85,clear sky,2022-01-27 02:02:41
608,Khani,GE,41.9563,42.9566,29.77,98,100,0.65,light snow,2022-01-27 02:04:16
609,Petropavlovsk-Kamchatskiy,RU,53.0452,158.6483,18.19,38,75,8.95,broken clouds,2022-01-27 02:04:17
610,Chirongui,YT,-12.9319,45.1483,82.33,70,68,10.22,light rain,2022-01-27 02:04:17
611,Dodge City,US,37.7528,-100.0171,24.26,86,0,8.01,clear sky,2022-01-27 02:04:18
612,Karabuk,TR,41.2049,32.6277,18.0,96,92,2.66,light snow,2022-01-27 02:04:18
613,Marzuq,YE,14.4,46.4667,56.35,66,1,2.3,clear sky,2022-01-27 02:04:19
614,Tooele,US,40.5308,-112.2983,32.97,86,0,0.0,clear sky,2022-01-27 02:04:19
615,Maumere,ID,-8.6199,122.2111,83.95,75,88,10.63,overcast clouds,2022-01-27 02:04:19
616,Manadhoo,MV,5.7667,73.3833,78.73,63,100,10.76,overcast clouds,2022-01-27 02:04:20
617,Ejutla De Crespo,MX,16.5667,-96.7333,68.95,69,14,3.49,few clouds,2022-01-27 02:04:20
618,Acapulco,MX,16.8634,-99.8901,77.0,79,0,3.4,clear sky,2022-01-27 02:00:23
619,Malakal,SS,9.5334,31.6605,73.56,19,13,12.1,few clouds,2022-01-27 02:00:12
620,Hajnowka,PL,52.7433,23.5812,35.02,87,100,4.0,overcast clouds,2022-01-27 02:04:21
621,Taoudenni,ML,22.6783,-3.9836,63.9,20,6,11.43,clear sky,2022-01-27 02:04:21
622,Hearst,CA,49.6835,-83.6665,14.04,78,100,18.32,overcast clouds,2022-01-27 02:03:02
623,Clearlake,US,38.9582,-122.6264,52.27,60,0,2.44,clear sky,2022-01-27 02:04:22
624,Nishihara,JP,26.1842,127.7558,73.06,64,75,11.5,broken clouds,2022-01-27 02:04:22
625,Vanderhoof,CA,54.0166,-124.0198,25.99,93,99,3.31,overcast clouds,2022-01-27 02:00:30
626,Tokoroa,NZ,-38.2333,175.8667,77.95,44,0,5.01,clear sky,2022-01-27 02:01:28
627,Tchibanga,GA,-2.85,11.0333,71.38,96,99,1.86,overcast clouds,2022-01-27 02:04:23
628,Ewa Beach,US,21.3156,-158.0072,80.55,53,40,11.01,scattered clouds,2022-01-27 02:04:23
629,Srednekolymsk,RU,67.45,153.6833,-40.27,100,50,3.09,scattered clouds,2022-01-27 02:04:24
630,Kapoeta,SS,4.7717,33.5903,78.87,29,57,11.05,broken clouds,2022-01-27 02:04:24
631,Vilyuysk,RU,63.7553,121.6247,-15.5,100,93,3.94,overcast clouds,2022-01-27 02:04:25
632,Vynohradove,UA,46.3696,32.9398,19.99,95,53,8.05,broken clouds,2022-01-27 02:04:25
633,Keuruu,FI,62.2667,24.7,30.38,91,99,6.98,overcast clouds,2022-01-27 02:04:26
634,Fayaoue,NC,-20.65,166.5333,81.55,78,15,12.88,few clouds,2022-01-27 02:04:26
635,Vardo,NO,70.3705,31.1107,25.97,72,100,14.54,overcast clouds,2022-01-27 02:04:27
636,Paso De Carrasco,UY,-34.8603,-56.0522,67.24,64,99,22.17,overcast clouds,2022-01-27 02:01:26
637,Kaseda,JP,31.4167,130.3167,51.26,71,100,5.99,overcast clouds,2022-01-27 02:04:27
638,Shirokiy,RU,49.758,129.523,-5.64,92,47,6.04,scattered clouds,2022-01-27 02:04:27
639,Kloulklubed,PW,7.0419,134.2556,82.4,81,100,17.56,overcast clouds,2022-01-27 02:01:58
640,Tarko-Sale,RU,64.9225,77.785,-2.7,97,100,13.13,overcast clouds,2022-01-27 02:04:28
641,Uruacu,BR,-14.5247,-49.1408,69.01,96,100,4.7,light rain,2022-01-27 02:04:28
642,Ndioum,SN,16.5129,-14.6471,73.09,19,100,9.55,overcast clouds,2022-01-27 02:04:29
643,Niort,FR,46.3333,-0.3333,28.29,96,0,1.99,clear sky,2022-01-27 02:04:29
644,San Juan,AR,-31.5375,-68.5364,77.11,59,87,20.15,overcast clouds,2022-01-27 02:05:29
645,Juneau,US,58.3019,-134.4197,37.22,98,100,3.44,overcast clouds,2022-01-27 02:04:24
646,Eitorf,DE,50.7667,7.45,38.93,94,94,5.06,overcast clouds,2022-01-27 02:05:30
647,Tulagi,SB,-9.0996,160.1476,81.41,74,100,13.49,overcast clouds,2022-01-27 02:05:30
648,Price,US,39.5994,-110.8107,31.12,68,0,3.44,clear sky,2022-01-27 02:05:31
649,Pirayu,PY,-25.4833,-57.2333,78.48,65,27,11.5,moderate rain,2022-01-27 02:05:31
650,Jutai,BR,-5.1833,-68.9,73.18,97,100,1.3,overcast clouds,2022-01-27 02:05:32
651,Klaksvik,FO,62.2266,-6.589,36.52,77,100,31.21,overcast clouds,2022-01-27 02:05:32
652,Baia,RO,47.4167,26.2167,30.56,84,100,4.74,overcast clouds,2022-01-27 02:05:32
653,Turayf,SA,31.6725,38.6637,35.96,83,96,23.85,overcast clouds,2022-01-27 02:05:33
654,Zeya,RU,53.75,127.2667,-0.63,69,39,1.54,scattered clouds,2022-01-27 02:05:33
655,Mosquera,CO,4.7059,-74.2302,55.65,90,100,1.03,overcast clouds,2022-01-27 02:00:44
656,San Lorenzo,PY,-25.3333,-57.5333,77.94,89,100,10.36,overcast clouds,2022-01-27 02:05:34
657,Sola,VU,-13.8833,167.55,82.56,78,100,14.99,overcast clouds,2022-01-27 02:05:34
658,Ludza,LV,56.55,27.7167,25.68,94,100,9.37,light snow,2022-01-27 02:05:35
659,Novo Aripuana,BR,-5.1206,-60.3797,71.71,99,100,2.15,overcast clouds,2022-01-27 02:05:35
660,Khandyga,RU,62.6667,135.6,-35.54,97,58,0.94,broken clouds,2022-01-27 02:05:35
661,Mizdah,LY,31.4451,12.9801,39.36,75,9,1.9,clear sky,2022-01-27 02:05:36
662,Namatanai,PG,-3.6667,152.4333,85.82,68,55,4.45,light rain,2022-01-27 02:05:36
663,Vao,NC,-22.6667,167.4833,78.33,83,91,16.84,overcast clouds,2022-01-27 02:05:24
664,Minsk,BY,53.9,27.5667,24.55,97,100,10.89,light snow,2022-01-27 02:05:37
665,Urucara,BR,-2.5364,-57.76,73.27,99,100,3.29,overcast clouds,2022-01-27 02:05:37
666,Wurzen,DE,51.3667,12.7333,37.65,82,100,15.61,overcast clouds,2022-01-27 02:05:38
667,Chardara,KZ,41.2547,67.9692,36.77,45,0,8.12,clear sky,2022-01-27 02:05:38
668,Prince Rupert,CA,54.3161,-130.3201,36.5,83,100,2.75,overcast clouds,2022-01-27 02:05:38
669,Viedma,AR,-40.8135,-62.9967,61.03,62,0,4.34,clear sky,2022-01-27 02:05:39
670,Bowen,AU,-20.0167,148.2333,76.3,93,100,5.03,light rain,2022-01-27 02:05:39
671,Assiniboia,CA,49.6334,-105.9845,28.17,91,100,16.93,overcast clouds,2022-01-27 02:05:40
672,Elko,US,41.0002,-115.5012,30.22,82,66,2.08,broken clouds,2022-01-27 02:04:46
673,Datong,CN,40.0936,113.2914,16.77,43,3,3.62,clear sky,2022-01-27 02:05:40
674,Plouzane,FR,48.3833,-4.6167,37.58,97,100,9.22,mist,2022-01-27 02:05:41
675,Tessalit,ML,20.1986,1.0114,60.3,24,86,14.32,overcast clouds,2022-01-27 02:02:11
676,Elmira,US,42.0898,-76.8077,6.89,90,81,2.19,broken clouds,2022-01-27 02:01:59
677,Verkhnedneprovskiy,RU,54.9813,33.3457,7.72,97,100,5.3,light snow,2022-01-27 02:05:41
678,Dangriga,BZ,16.9692,-88.2321,78.98,86,3,7.25,clear sky,2022-01-27 02:05:42
679,Limot,PH,7.0405,126.2727,82.42,74,38,4.88,scattered clouds,2022-01-27 02:05:42
680,Mitsamiouli,KM,-11.3847,43.2844,79.81,75,96,5.44,overcast clouds,2022-01-27 02:05:43
681,Greystones,IE,53.1408,-6.0631,52.23,91,100,13.98,overcast clouds,2022-01-27 02:05:43
682,Mabama,TZ,-5.1333,32.5333,64.11,96,100,3.94,light rain,2022-01-27 02:05:43
683,Bardiyah,LY,31.7561,25.0865,50.25,69,100,11.88,overcast clouds,2022-01-27 02:05:44
684,Mayo,US,38.8876,-76.5119,27.95,52,0,7.0,clear sky,2022-01-27 02:05:44
685,Mizan Teferi,ET,6.9833,35.5833,63.9,51,13,2.73,few clouds,2022-01-27 02:05:44
686,Burnie,AU,-41.0667,145.9167,66.94,97,100,11.99,light rain,2022-01-27 02:05:45
687,Martapura,ID,-3.4167,114.85,86.09,74,20,10.36,few clouds,2022-01-27 02:05:45
688,Lamu,KE,-2.2717,40.902,77.22,81,3,11.12,clear sky,2022-01-27 02:05:46
689,Biak,ID,-0.9131,122.8766,82.56,71,99,0.4,overcast clouds,2022-01-27 02:05:47
